Airlines,filename
Alaska Airlines,nqr1pjql5qs3dp8rz2a4zzq7rn0xyp6k.png
Jeju Air,0be99201122a0c8a5038aeb94d46d2e0.jpg
Air Do,0ac83693b42f451f27c992a887c38887.jpg
Discover Airlines,nqr1pjql5qs3dp8rz2a4zzq7rn0xyp6k.png
Delta Air Lines,1sz0kf8wcmj0q8n3pu6mg61gl158vvz1.png
Air Canada,0be99201122a0c8a5038aeb94d46d2e0.jpg
Air Canada Rouge,0be99201122a0c8a5038aeb94d46d2e0.jpg
Tigerair Taiwan,0cdbe38cdf213b9f46182f98230aa5f7.jpg
Air Canada Rouge,0be99201122a0c8a5038aeb94d46d2e0.jpg
Alaska Airlines,0be99201122a0c8a5038aeb94d46d2e0.jpg
Aero K,0be99201122a0c8a5038aeb94d46d2e0.jpg
British Airways,cwncgabxti09zmf36t4phvaz1xzv10wu.png
Cayman Airways,0ac83693b42f451f27c992a887c38887.jpg
Tigerair Taiwan,0cdbe38cdf213b9f46182f98230aa5f7.jpg
Air Arabia,0be99201122a0c8a5038aeb94d46d2e0.jpg
Delta Air Lines,1sz0kf8wcmj0q8n3pu6mg61gl158vvz1.png
Edelweiss Air,6zpijbg5jv4jftpftpmla6xbizne28d9.png
Virgin Atlantic,antbx4oxst0z5o6pe2g1thrjr0dz073j.png
AirAsia,0be99201122a0c8a5038aeb94d46d2e0.jpg
