Airlines,image_id
ATA Airlines,0bf44cd47c202f590ef58e012c52117e.jpg
Virgin Atlantic,antbx4oxst0z5o6pe2g1thrjr0dz073j.png
Air Do,0b2d816ba48e708f1dc4d79274ecead2.png
Delta Air Lines,1sz0kf8wcmj0q8n3pu6mg61gl158vvz1.png
Tigerair Taiwan,0cdbe38cdf213b9f46182f98230aa5f7.jpg
Air Do,0bf44cd47c202f590ef58e012c52117e.jpg
British Airways,cwncgabxti09zmf36t4phvaz1xzv10wu.png
China United Airlines,0ac83693b42f451f27c992a887c38887.jpg
Edelweiss Air,6zpijbg5jv4jftpftpmla6xbizne28d9.png
Discover Airlines,nqr1pjql5qs3dp8rz2a4zzq7rn0xyp6k.png
